{"cameraMode":{"drawMode":0,"name":"Shaded","section":"Shading Mode"},"sceneLighting":true,"audioPlay":false,"sceneViewState":{"showFog":true,"showMaterialUpdate":false,"showSkybox":true,"showFlares":true,"showImageEffects":true,"showParticleSystems":true},"in2DMode":false,"pivot":{"x":-2.3867640495300295,"y":-0.6676490306854248,"z":0.047046780586242679},"rotation":{"x":-0.20652025938034059,"y":0.7157472968101502,"z":-0.2370399683713913,"w":-0.6235922574996948},"size":11.120760917663575,"orthographic":false}