{"cameraMode":{"drawMode":0,"name":"Shaded","section":"Shading Mode"},"sceneLighting":true,"audioPlay":false,"sceneViewState":{"showFog":true,"showMaterialUpdate":false,"showSkybox":true,"showFlares":true,"showImageEffects":true,"showParticleSystems":true},"in2DMode":false,"pivot":{"x":3.346147060394287,"y":2.1368250846862795,"z":2.3373727798461916},"rotation":{"x":-0.30271637439727785,"y":0.03915363550186157,"z":-0.012447331100702286,"w":-0.9521948099136353},"size":4.731070518493652,"orthographic":false}